{
   "1": 4908726440.869997,
   "2": 5138369527.98,
   "3": 5725408377.8899975,
   "4": 4387252419.769999,
   "5": 4939723263.750005,
   "6": 3267097338.1800017,
   "7": 4095820797.539999,
   "8": 3605201334.6500006,
   "9": 3659874904.020001,
   "10": 3039905363.35,
   "11": 1866883373.6999998,
   "12": 1994025011.4000008
}